{
    "f1_test": 0.6098346973315094,
    "recall_test": 0.45307978503513846,
    "precision_test": 0.932435306628855,
    "accu_score_test": 0.7101247071792752
}