{
    "f1_train": 0.7087586941131329,
    "recall_train": 0.5656685903573924,
    "precision_train": 0.9487528213438278,
    "accu_score_train": 0.7675569127783097
}