{
    "f1_train": 0.9635403911056041,
    "recall_train": 0.9432391340286392,
    "precision_train": 0.9885700236968845
}