{
    "f1_train": 0.9696892918928874,
    "recall_train": 0.9572834516037874,
    "precision_train": 0.9837490983697516
}