{
    "f1_test": 0.5822658112090751,
    "recall_test": 0.5540690269706648,
    "precision_test": 0.6553156127817057
}