{
    "f1_test": 0.5319602486580567,
    "recall_test": 0.5259807422737273,
    "precision_test": 0.5426445945201737
}